time_s,v_alpha_v,v_beta_v,i_alpha_a,i_beta_a,encoder_angle_rad,encoder_speed_rad_s,pll_angle_rad,pll_speed_rad_s,emf_alpha_v,emf_beta_v,phase_error_rad,locked,active,bus_voltage_v,angle_error_rad
14.776836395263672,-0.0009750731405802071,0.042222749441862106,0.02477102167904377,-0.010448168031871319,0.010737895965576172,-0.0,0.0,0.0,0.009930905885994434,0.025304345414042473,0.0,0.0,0.0,12.286152839660645,-0.010737895965576172
14.777336120605469,-0.004875365644693375,0.048978254199028015,0.02154836617410183,0.030485061928629875,0.010737895965576172,-0.0,0.0,0.0,-0.02658960595726967,-0.019073761999607086,0.0,0.0,0.0,12.286152839660645,-0.010737895965576172
14.77783489227295,-0.002925097243860364,0.062489476054906845,0.01832571066915989,0.01932145468890667,0.010737895965576172,-0.0,0.8459210395812988,0.0,-0.01654256135225296,0.016084495931863785,0.0,0.0,0.0,12.286152839660645,0.8351831436157227
14.778334617614746,-0.010726169683039188,0.07600090652704239,0.02154836617410183,0.02490326017141342,0.010737895965576172,-0.0,0.8459210395812988,0.0,-0.04791387543082237,0.037387050688266754,0.0,0.0,0.0,12.286152839660645,0.8351831436157227
14.77883529663086,-0.006825756281614304,0.08951213210821152,0.02477102167904377,0.03606686741113663,0.010737895965576172,-0.0,1.1814649105072021,0.0,-0.002980998018756509,0.058166686445474625,0.0,0.0,0.0,12.286152839660645,1.170727014541626
14.779335021972656,-0.012676194310188293,0.08951213210821152,0.015103054232895374,0.04164867103099823,0.010737895965576172,-0.0,1.1814649105072021,0.0,-0.036378998309373856,-0.025856610387563705,0.0,0.0,0.0,12.286152839660645,1.170727014541626
14.779834747314453,-0.018526878207921982,0.09964580833911896,0.01349172554910183,0.03699716925621033,0.010737895965576172,-0.0,1.3469812870025635,0.05258116498589516,-0.08872479945421219,-0.010748768225312233,0.3458390235900879,0.0,0.0,12.286152839660645,1.3362433910369873
14.780335426330566,-0.020476901903748512,0.10977885127067566,0.02799367904663086,0.04723047837615013,0.010737895965576172,-0.0,1.3469812870025635,0.0,-0.06300532072782516,0.002075083088129759,0.0,0.0,0.0,12.286152839660645,1.3362433910369873
14.780835151672363,-0.0263275858014822,0.11653478443622589,0.015103054232895374,0.04350927472114563,0.010737895965576172,-0.0,1.4944565296173096,-0.021069714799523354,-0.0969373807311058,0.00593813369050622,0.015215873718261719,0.0,0.0,12.286152839660645,1.4837186336517334
14.78133487701416,-0.02632746286690235,0.12329050153493881,0.0006011009099893272,0.033275965601205826,0.010737895965576172,-0.0,1.7060129642486572,0.0,-0.07642857730388641,-0.00040010720840655267,0.0,0.0,0.0,12.286152839660645,1.695275068283081
14.78183364868164,-0.03217814490199089,0.13004599511623383,0.01832571066915989,0.034206267446279526,0.010737895965576172,-0.0,1.1384446620941162,0.4261571764945984,-0.08108583837747574,-0.004803882911801338,0.49373388290405273,0.0,0.0,12.286152839660645,1.12770676612854
14.782334327697754,-0.03412841632962227,0.14017947018146515,0.02638235129415989,0.051881980150938034,0.010737895965576172,-0.0,1.253418207168579,0.0,-0.07276298105716705,0.0018606981029734015,0.0,0.0,0.0,12.286152839660645,1.242680311203003
14.78283405303955,-0.03607843816280365,0.14693519473075867,0.01349172554910183,0.051881980150938034,0.023438453674316406,10.72713851928711,0.48821234703063965,0.0,-0.06506021320819855,0.03307359665632248,0.0,0.0,0.0,12.286152839660645,0.46477389335632324
14.783333778381348,-0.04192887619137764,0.15369069576263428,0.02477102167904377,0.049091074615716934,0.02880239486694336,10.72713851928711,1.1179273128509521,0.04856574907898903,-0.09190306067466736,0.036948416382074356,0.07092094421386719,0.0,0.0,12.286152839660645,1.0891249179840088
14.783833503723145,-0.0458294153213501,0.1604461967945099,0.02477102167904377,0.052812278270721436,0.034178853034973145,10.737865447998047,1.1252624988555908,0.3553566038608551,-0.08968418091535568,0.020896824076771736,0.21764278411865234,0.0,0.0,12.286152839660645,1.0910837650299072
14.784334182739258,-0.05167973041534424,0.1672019213438034,0.02960500679910183,0.06304559111595154,0.03954780101776123,10.737865447998047,1.3199951648712158,0.3630540072917938,-0.10867331176996231,0.002460312331095338,0.22924566268920898,0.0,0.0,12.286152839660645,1.280447244644165
14.784833908081055,-0.05362987518310547,0.17395742237567902,0.010269069112837315,0.050021376460790634,0.032213687896728516,-0.0,1.3340137004852295,0.9446011781692505,-0.09447396546602249,0.011415507644414902,0.11733865737915039,0.0,0.0,12.286152839660645,1.301800012588501
14.785333633422852,-0.06338085234165192,0.18071290850639343,0.01671438105404377,0.053742580115795135,0.032213687896728516,-0.0,1.3335564136505127,0.9061412215232849,-0.12038496136665344,0.02023814059793949,0.07128524780273438,0.0,0.0,12.286152839660645,1.3013427257537842
14.785834312438965,-0.06728114932775497,0.19084659218788147,0.01671438105404377,0.06490618735551834,0.0443117618560791,10.226539611816406,1.3282687664031982,0.6641877889633179,-0.13660509884357452,0.059458840638399124,-0.16848516464233398,0.0,0.0,12.286152839660645,1.28395676612854
14.786333084106445,-0.07313194870948792,0.19422456622123718,0.03282766416668892,0.08537280559539795,0.04941451549530029,10.226539611816406,1.8810908794403076,-0.3377454876899719,-0.13146889209747314,0.010577783919870853,-0.392333984375,0.0,0.0,12.286152839660645,1.8316762447357178
14.786832809448242,-0.07703224569559097,0.2009800672531128,0.03766164556145668,0.052812278270721436,0.06726205348968506,21.475730895996094,1.8604600429534912,-1.1986068487167358,-0.1094948798418045,0.02025412581861019,-0.4749598503112793,0.0,0.0,12.286152839660645,1.7931978702545166
14.787332534790039,-0.08678322285413742,0.2077355682849884,0.01671438105404377,0.06304558366537094,0.07799994945526123,21.475730895996094,1.8392221927642822,-2.064918041229248,-0.16031569242477417,0.020103495568037033,-0.39551687240600586,0.0,0.0,12.286152839660645,1.7612221240997314
14.787833213806152,-0.0887332484126091,0.21449129283428192,0.015103054232895374,0.07141829282045364,0.07659471035003662,10.748614311218262,1.8175127506256104,-2.932689905166626,-0.13107672333717346,0.02930568717420101,-0.4696173667907715,0.0,0.0,12.286152839660645,1.7409179210662842
14.78833293914795,-0.09848421812057495,0.22124679386615753,0.010269069112837315,0.05932438373565674,0.0819694995880127,10.748614311218262,1.7932960987091064,-3.887155294418335,-0.15167956054210663,0.03279094025492668,-0.4385390281677246,0.0,0.0,12.286152839660645,1.7113268375396729
14.788832664489746,-0.10238462686538696,0.23138026893138885,0.02638235129415989,0.05932438373565674,0.09949743747711182,21.475730895996094,1.774700403213501,-4.586422443389893,-0.1344507485628128,0.04328961670398712,-0.519096851348877,0.0,0.0,12.286152839660645,1.6752030849456787
14.78933334350586,-0.11213561147451401,0.23138026893138885,0.02477102167904377,0.07513950020074844,0.11023533344268799,21.475730895996094,1.752535104751587,-5.419868469238281,-0.15903915464878082,0.02622581087052822,-0.3484334945678711,0.0,0.0,12.286152839660645,1.6422998905181885
14.789833068847656,-0.11993619054555893,0.2415139377117157,0.005435085389763117,0.052812281996011734,0.12097322940826416,21.475730895996094,1.7294867038726807,-6.274329662322998,-0.1668669581413269,0.043185412883758545,-0.41576576232910156,0.0,0.0,12.286152839660645,1.608513593673706
14.790332794189453,-0.12773703038692474,0.2482694387435913,0.01671438105404377,0.06118498370051384,0.13171112537384033,21.475730895996094,1.706925630569458,-7.089532375335693,-0.17797939479351044,0.046472903341054916,-0.39555788040161133,0.0,0.0,12.286152839660645,1.5752146244049072
14.790831565856934,-0.13943813741207123,0.2550249695777893,0.03766164556145668,0.07327889651060104,0.14242732524871826,21.475730895996094,1.6839959621429443,-7.903664588928223,-0.19375349581241608,0.07336161285638809,-0.4797935485839844,0.0,0.0,12.286152839660645,1.5415685176849365
14.791332244873047,-0.14528857171535492,0.25840312242507935,0.010269069112837315,0.07048799097537994,0.15316522121429443,21.475730895996094,1.659754991531372,-8.756034851074219,-0.17812539637088776,0.0592140294611454,-0.4145474433898926,0.0,0.0,12.286152839660645,1.506589651107788
14.791831970214844,-0.15796466171741486,0.26346954703330994,0.01671438105404377,0.07048799097537994,0.17605876922607422,32.21359634399414,1.6363136768341064,-9.555793762207031,-0.22448574006557465,0.03367031365633011,-0.21849536895751953,0.0,0.0,12.286152839660645,1.4602549076080322
14.79233169555664,-0.16966600716114044,0.270225465297699,0.0392729751765728,0.09281520545482635,0.19216561317443848,32.21359634399414,1.6212470531463623,-9.989052772521973,-0.1963612288236618,0.0750742107629776,-0.4207191467285156,0.0,0.0,12.286152839660645,1.4290812015533447
14.792832374572754,-0.1813669055700302,0.2769809663295746,0.02154836617410183,0.08072129637002945,0.20830833911895752,32.24584197998047,1.5998518466949463,-10.678430557250977,-0.20788483321666718,0.09685657173395157,-0.4705924987792969,0.0,0.0,12.286152839660645,1.3915436267852783
14.79333209991455,-0.19209319353103638,0.2786698639392853,0.01671438105404377,0.09095460176467896,0.2244318723678589,32.24584197998047,1.5838720798492432,-11.125177383422852,-0.21530623733997345,0.06649245321750641,-0.31764793395996094,0.0,0.0,12.286152839660645,1.3594400882720947
14.793831825256348,-0.2067192792892456,0.2803587317466736,0.0312163345515728,0.08258190006017685,0.24051785469055176,32.21359634399414,1.5638678073883057,-11.732008934020996,-0.2415338158607483,0.056674774736166,-0.22841310501098633,0.0,0.0,12.286152839660645,1.323350191116333
14.794331550598145,-0.21842040121555328,0.2871142327785492,0.01993703842163086,0.08165159821510315,0.256624698638916,32.21359634399414,1.5480749607086182,-12.149528503417969,-0.24462251365184784,0.07845545560121536,-0.292910099029541,0.0,0.0,12.286152839660645,1.2914502620697021
14.794831275939941,-0.23402194678783417,0.2871144413948059,0.02477102167904377,0.08258190006017685,0.2726989984512329,32.21359634399414,1.5299232006072998,-12.656961441040039,-0.26733696460723877,0.06513943523168564,-0.20319890975952148,0.0,0.0,12.286152839660645,1.2572243213653564
14.795331001281738,-0.24669814109802246,0.2921810746192932,0.04088430479168892,0.10118791460990906,0.28880584239959717,32.21359634399414,1.5135161876678467,-13.080558776855469,-0.2699985206127167,0.08982072025537491,-0.2693614959716797,0.0,0.0,12.286152839660645,1.22471022605896
14.795830726623535,-0.25839927792549133,0.2989365756511688,0.02477102167904377,0.07513950020074844,0.3170675039291382,42.95146179199219,1.495758295059204,-13.552839279174805,-0.28801584243774414,0.13659045100212097,-0.37387704849243164,0.0,0.0,12.286152839660645,1.1786906719207764
14.796331405639648,-0.27205052971839905,0.2955588102340698,0.002212428953498602,0.07327889651060104,0.3385432958602905,42.95146179199219,1.4792239665985107,-13.962427139282227,-0.28037136793136597,0.059144534170627594,-0.12149238586425781,0.0,0.0,12.286152839660645,1.1406805515289307
14.796831130981445,-0.28277668356895447,0.29724788665771484,-0.0010102271335199475,0.06397589296102524,0.3479001522064209,32.24584197998047,1.4647724628448486,-14.276473045349121,-0.2626241147518158,0.08905913680791855,-0.22662591934204102,0.0,0.0,12.286152839660645,1.1168720722198486
14.797330856323242,-0.2974027991294861,0.2989368140697479,-0.007455539423972368,0.06955768913030624,0.36402368545532227,32.24584197998047,1.446636438369751,-14.7389554977417,-0.29789018630981445,0.10578429698944092,-0.22290658950805664,0.0,0.0,12.286152839660645,1.0826127529144287
14.797830581665039,-0.31495460867881775,0.30231454968452454,0.02477102167904377,0.06769709289073944,0.40444183349609375,53.6893310546875,1.4310190677642822,-15.08586597442627,-0.3202277421951294,0.11711055785417557,-0.21675920486450195,0.0,0.0,12.286152839660645,1.0265772342681885
14.798331260681152,-0.3295809328556061,0.29724788665771484,0.0038237571716308594,0.08351220190525055,0.4312865734100342,53.6893310546875,1.4193384647369385,-15.259780883789062,-0.3188112676143646,0.09697581082582474,-0.14954090118408203,0.0,0.0,12.286152839660645,0.9880516529083252
14.798830032348633,-0.3461575508117676,0.2955588102340698,-0.005844211671501398,0.08165160566568375,0.45807790756225586,53.6893310546875,1.4058644771575928,-15.505193710327148,-0.32915744185447693,0.1045188307762146,-0.14832162857055664,0.0,0.0,12.286152839660645,0.9477865695953369
14.79932975769043,-0.36955979466438293,0.2888033092021942,-0.002621555235236883,0.07979099452495575,0.4849226474761963,53.6893310546875,1.3939063549041748,-15.681498527526855,-0.3912135660648346,0.06471642106771469,0.007755279541015625,0.0,0.0,12.286152839660645,0.9089834690093994
14.799830436706543,-0.37833544611930847,0.2871144413948059,-0.005844211671501398,0.07420919835567474,0.5117673873901367,53.6893310546875,1.3814470767974854,-15.875860214233398,-0.33846262097358704,0.08796676993370056,-0.07051324844360352,0.0,0.0,12.286152839660645,0.8696796894073486
14.80033016204834,-0.3949120342731476,0.2854253649711609,-0.005844211671501398,0.07793039828538895,0.5386121273040771,53.6893310546875,1.369145154953003,-16.059186935424805,-0.343174010515213,0.10313935577869415,-0.09606075286865234,0.0,0.0,12.286152839660645,0.8305330276489258
14.800829887390137,-0.4124637544155121,0.2820478081703186,-0.01228952407836914,0.07048799097537994,0.5533504486083984,42.99445724487305,1.359365701675415,-16.13332176208496,-0.35526907444000244,0.11648721247911453,-0.1112508773803711,0.0,0.0,12.286152839660645,0.8060152530670166
14.801329612731934,-0.43489065766334534,0.27698075771331787,0.01349172554910183,0.08723340183496475,0.5748471021652222,42.99445724487305,1.349022626876831,-16.22835922241211,-0.410466730594635,0.09345051646232605,-0.0075206756591796875,0.0,0.0,12.286152839660645,0.7741754055023193
14.801830291748047,-0.4475668668746948,0.27529188990592957,-0.02518014796078205,0.05932438373565674,0.6206275224685669,64.42719268798828,1.3416187763214111,-16.199251174926758,-0.37826213240623474,0.12322008609771729,-0.09151792526245117,0.0,0.0,12.286152839660645,0.7209913730621338
14.802330017089844,-0.4612182378768921,0.26515841484069824,-0.01873483695089817,0.06862739473581314,0.6528412103652954,64.42719268798828,1.3306496143341064,-16.31969451904297,-0.3742104768753052,0.11439086496829987,-0.062218666076660156,0.0,0.0,12.286152839660645,0.6778085231781006
14.802828788757324,-0.480720192193985,0.25840291380882263,-0.010678195394575596,0.07327889651060104,0.6971454620361328,75.1650619506836,1.3217546939849854,-16.3504695892334,-0.38206687569618225,0.12850244343280792,-0.08119821548461914,0.0,0.0,12.286152839660645,0.6246092319488525
14.803328514099121,-0.5050973892211914,0.2432028204202652,-0.02518014796078205,0.06490619480609894,0.7347280979156494,75.1650619506836,1.3147861957550049,-16.29978370666504,-0.453206330537796,0.0801774337887764,0.07579374313354492,0.0,0.0,12.286152839660645,0.5800580978393555
14.803829193115234,-0.5206988453865051,0.2364473193883896,-0.03162546083331108,0.05932438373565674,0.7601550817489624,64.42719268798828,1.3081433773040771,-16.236452102661133,-0.4245983064174652,0.10981705039739609,0.004166603088378906,0.0,0.0,12.286152839660645,0.5479881763458252
14.804328918457031,-0.5382503867149353,0.22631363570690155,-0.03162546083331108,0.053742583841085434,0.7923687696456909,64.42719268798828,1.3002173900604248,-16.228404998779297,-0.4335913062095642,0.11034741252660751,0.01603078842163086,0.0,0.0,12.286152839660645,0.5078485012054443
14.804828643798828,-0.559702455997467,0.2094244360923767,-0.03807077184319496,0.051881980150938034,0.8246558904647827,64.49168395996094,1.2952086925506592,-16.097566604614258,-0.47354593873023987,0.06990483403205872,0.12417984008789062,0.0,0.0,12.286152839660645,0.4705526828765869
14.805329322814941,-0.5772542953491211,0.1992911994457245,-0.03484811633825302,0.053742580115795135,0.8569012880325317,64.49168395996094,1.291994333267212,-15.894183158874512,-0.48418128490448,0.06974537670612335,0.13098764419555664,0.0,0.0,12.286152839660645,0.4350931644439697
14.805829048156738,-0.5957810282707214,0.18746884167194366,-0.015512180514633656,0.055603183805942535,0.9012397527694702,75.1650619506836,1.2878448963165283,-15.734472274780273,-0.4806309938430786,0.0828213319182396,0.1075143814086914,0.0,0.0,12.286152839660645,0.38660502433776855
14.806328773498535,-0.6104072332382202,0.168890580534935,-0.03807077184319496,0.04071836918592453,0.9388223886489868,75.1650619506836,1.2853796482086182,-15.507147789001465,-0.4959861636161804,0.044250424951314926,0.19206953048706055,0.0,0.0,12.286152839660645,0.3465573787689209
14.806828498840332,-0.6240587830543518,0.15200181305408478,-0.05418405309319496,0.04257897287607193,0.9885715246200562,85.90292358398438,1.2834751605987549,-15.261385917663574,-0.4900839626789093,0.07428456842899323,0.13235759735107422,0.0,0.0,12.286152839660645,0.2949035167694092
14.807328224182129,-0.6406351327896118,0.1300457864999771,-0.05418405309319496,0.036997172981500626,1.0314363241195679,85.90292358398438,1.2832252979278564,-14.951305389404297,-0.5105445384979248,0.06376605480909348,0.1589980125427246,0.0,0.0,12.286152839660645,0.251788854598999
14.807827949523926,-0.6620869636535645,0.10640110820531845,-0.04612741246819496,0.0025760442949831486,1.0622330904006958,75.1650619506836,1.285372018814087,-14.546584129333496,-0.5323602557182312,0.005290628876537085,0.2717742919921875,0.0,0.0,12.286152839660645,0.22313904762268066
14.808327674865723,-0.6718379855155945,0.0895119160413742,-0.04612741246819496,0.03420626372098923,1.0998157262802124,75.1650619506836,1.2842748165130615,-14.286653518676758,-0.5223735570907593,0.04664912447333336,0.19350290298461914,0.0,0.0,12.286152839660645,0.18445897102355957
14.808828353881836,-0.684514045715332,0.06755631417036057,-0.0493500716984272,0.024903258308768272,1.1618173122406006,96.7375259399414,1.2859117984771729,-13.917736053466797,-0.5200003981590271,0.036350078880786896,0.21133899688720703,0.0,0.0,12.286152839660645,0.12409448623657227
14.809328079223633,-0.6991404891014099,0.042222537100315094,-0.06707467883825302,0.012809348292648792,1.210186243057251,96.7375259399414,1.2875769138336182,-13.555082321166992,-0.5431009531021118,0.016487853601574898,0.24939489364624023,0.0,0.0,12.286152839660645,0.07739067077636719
14.80982780456543,-0.7137669920921326,0.010133679024875164,-0.05257272720336914,0.013739650137722492,1.2584458589553833,96.64079284667969,1.2917940616607666,-13.092813491821289,-0.5596619248390198,-0.02376401424407959,0.3184056282043457,0.0,0.0,12.286152839660645,0.03334832191467285
14.810327529907227,-0.723517656326294,-0.020266937091946602,-0.06385201960802078,0.012809352949261665,1.306766390800476,96.64079284667969,1.297722578048706,-12.568599700927734,-0.5438724160194397,-0.011234709993004799,0.2907543182373047,0.0,0.0,12.286152839660645,-0.00904393196105957
14.81082820892334,-0.7313185334205627,-0.04728979989886284,-0.07029733806848526,-0.005796665325760841,1.3550869226455688,96.64079284667969,1.30422043800354,-12.031624794006348,-0.5408955216407776,0.016319530084729195,0.23337936401367188,0.0,0.0,12.286152839660645,-0.05086636543273926
14.811327934265137,-0.741069495677948,-0.08444549888372421,-0.06707467883825302,-0.005796663463115692,1.4034074544906616,96.64079284667969,1.3118317127227783,-11.458758354187012,-0.5609360337257385,-0.06218813732266426,0.3670945167541504,0.0,0.0,12.286152839660645,-0.09157586097717285
14.811826705932617,-0.7469201683998108,-0.11484569311141968,-0.0654633492231369,-0.008587563410401344,1.4516311883926392,96.64079284667969,1.3205955028533936,-10.84990406036377,-0.5381253957748413,-0.04415746405720711,0.32983827590942383,0.0,0.0,12.286152839660645,-0.13103556632995605
14.81232738494873,-0.7527708411216736,-0.15200181305408478,-0.05418405309319496,-0.005796663463115692,1.499951720237732,96.64079284667969,1.3308751583099365,-10.189603805541992,-0.5688127875328064,-0.11269901692867279,0.43393659591674805,0.0,0.0,12.286152839660645,-0.16907668113708496
14.812827110290527,-0.7498452663421631,-0.18409109115600586,-0.07674264907836914,-0.02626327984035015,1.5725818872451782,118.11652374267578,1.3424255847930908,-9.490313529968262,-0.5225834250450134,-0.09563129395246506,0.40790796279907227,0.0,0.0,12.286152839660645,-0.23015618324279785
14.813326835632324,-0.7556959986686707,-0.22800272703170776,-0.0574067123234272,-0.007657266687601805,1.6316403150558472,118.11652374267578,1.3565218448638916,-8.698015213012695,-0.5828567147254944,-0.16839872300624847,0.4947052001953125,0.0,0.0,12.286152839660645,-0.2751185894012451
14.813826560974121,-0.7449697852134705,-0.26684752106666565,-0.07996530085802078,-0.031845081597566605,1.6908330917358398,118.2347640991211,1.3715283870697021,-7.8846635818481445,-0.529385507106781,-0.14483104646205902,0.4656362533569336,0.0,0.0,12.286152839660645,-0.3193047046661377
14.814327239990234,-0.7391193509101868,-0.31075912714004517,-0.07029733806848526,-0.0318450853228569,1.7499499320983887,118.2347640991211,1.3884217739105225,-7.0086894035339355,-0.529517650604248,-0.1827097088098526,0.5144472122192383,0.0,0.0,12.286152839660645,-0.3615281581878662
14.814826965332031,-0.7264430522918701,-0.3597371578216553,-0.09607858210802078,-0.06905710697174072,1.8210989236831665,128.85438537597656,1.407761812210083,-6.04841423034668,-0.5031503438949585,-0.24889209866523743,0.6229968070983887,0.0,0.0,12.286152839660645,-0.41333699226379395
14.815326690673828,-0.7127919793128967,-0.4036487936973572,-0.08318796008825302,-0.04672989621758461,1.8855262994766235,128.85438537597656,1.429260015487671,-5.017937183380127,-0.5130636096000671,-0.23630468547344208,0.5738778114318848,0.0,0.0,12.286152839660645,-0.4562661647796631
14.815826416015625,-0.6952401995658875,-0.44756045937538147,-0.05579538270831108,-0.038357190787792206,1.9376695156097412,118.11652374267578,1.4517109394073486,-3.969285011291504,-0.4806298017501831,-0.2332247942686081,0.5719313621520996,0.0,0.0,12.286152839660645,-0.4859585762023926
14.816326141357422,-0.6689127087593079,-0.4931609332561493,-0.1138031929731369,-0.09417522698640823,1.9967279434204102,118.11652374267578,1.4785616397857666,-2.757349967956543,-0.4643327593803406,-0.30611884593963623,0.677009105682373,0.0,0.0,12.286152839660645,-0.5181663036346436
14.816825866699219,-0.642585277557373,-0.5387614369392395,-0.07835397869348526,-0.08115101605653763,2.0800960063934326,139.59225463867188,1.5075862407684326,-1.4793469905853271,-0.4202330708503723,-0.33880504965782166,0.744359016418457,0.0,0.0,12.286152839660645,-0.572509765625
14.817325592041016,-0.6104074120521545,-0.5877400636672974,-0.09607858210802078,-0.08022071421146393,2.1498923301696777,139.59225463867188,1.539485216140747,-0.10742006450891495,-0.4084753096103668,-0.376442015171051,0.7791438102722168,0.0,0.0,12.286152839660645,-0.6104071140289307
14.817826271057129,-0.5714035630226135,-0.6350292563438416,-0.09124460071325302,-0.08115101605653763,2.231844425201416,150.3301239013672,1.5730135440826416,1.3037471771240234,-0.3771556317806244,-0.3925611674785614,0.8070030212402344,0.0,0.0,12.286152839660645,-0.6588308811187744
14.818325996398926,-0.5216739773750305,-0.6806299686431885,-0.10252390056848526,-0.08580252528190613,2.307009696960449,150.3301239013672,1.6114742755889893,2.893033742904663,-0.2906001806259155,-0.4083484411239624,0.9164154529571533,0.0,0.0,12.286152839660645,-0.69553542137146
14.818825721740723,-0.4768196642398834,-0.7312970757484436,-0.08479928970336914,-0.055102601647377014,2.3701767921447754,139.7319793701172,1.6534292697906494,4.595552921295166,-0.2807724177837372,-0.49089881777763367,0.9742271900177002,0.0,0.0,12.286152839660645,-0.716747522354126
14.819326400756836,-0.4183143079280853,-0.7684532403945923,-0.09446725994348526,-0.09975703060626984,2.440042495727539,139.7319793701172,1.6997969150543213,6.447648048400879,-0.2171221226453781,-0.4983939230442047,1.0374329090118408,0.0,0.0,12.286152839660645,-0.7402455806732178
14.819825172424316,-0.3617589473724365,-0.8056091666221619,-0.09930124133825302,-0.10068733990192413,2.534104347229004,161.2292022705078,1.7473700046539307,8.311544418334961,-0.17927247285842896,-0.5350401401519775,1.0781958103179932,0.0,0.0,12.286152839660645,-0.7867343425750732
14.820324897766113,-0.28960222005844116,-0.8393872976303101,-0.09446725994348526,-0.11092064529657364,2.6147193908691406,161.2292022705078,1.8002173900604248,10.3578462600708,-0.10556242614984512,-0.5327506065368652,1.1540424823760986,0.0,0.0,12.286152839660645,-0.8145020008087158
14.82082462310791,-0.21159465610980988,-0.8697877526283264,-0.10091257095336914,-0.12022364884614944,2.7075119018554688,171.9778289794922,1.8573095798492432,12.539905548095703,-0.014580664224922657,-0.5599379539489746,1.267730951309204,0.0,0.0,12.286152839660645,-0.8502023220062256
14.821325302124023,-0.13163743913173676,-0.8934323787689209,-0.0815766304731369,-0.11464185267686844,2.7935001850128174,171.9778289794922,1.9188206195831299,14.86147403717041,0.052851125597953796,-0.5683837532997131,1.3259899616241455,0.0,0.0,12.286152839660645,-0.8746795654296875
14.82182502746582,-0.04192875325679779,-0.9069433808326721,-0.0976899117231369,-0.15185385942459106,2.8792948722839355,171.80584716796875,1.9823944568634033,17.220979690551758,0.11680595576763153,-0.566294252872467,1.3740971088409424,0.0,0.0,12.286152839660645,-0.8969004154205322
14.822324752807617,0.04192899540066719,-0.9238326549530029,-0.07029733806848526,-0.12487515807151794,2.965198040008545,171.80584716796875,2.050147294998169,19.706418991088867,0.18847933411598206,-0.6144415736198425,1.4015133380889893,0.0,0.0,12.286152839660645,-0.915050745010376
14.82282543182373,0.13553772866725922,-0.9272105693817139,-0.09124460071325302,-0.12580545246601105,3.0267465114593506,150.3301239013672,2.1214492321014404,22.288978576660156,0.2684614658355713,-0.594138503074646,1.4580633640289307,0.0,0.0,12.286152839660645,-0.9052972793579102
14.823325157165527,0.22329603135585785,-0.9170771241188049,-0.06385201960802078,-0.14348116517066956,3.101911783218384,150.3301239013672,2.19645619392395,24.972890853881836,0.34849750995635986,-0.5620887279510498,1.5147955417633057,0.0,0.0,12.286152839660645,-0.9054555892944336
14.823823928833008,0.3130044639110565,-0.9001879096031189,-0.0654633492231369,-0.12022364884614944,3.2132186889648438,182.36135864257812,2.273611307144165,27.690834045410156,0.43739357590675354,-0.5282354950904846,1.57539963722229,0.0,0.0,12.286152839660645,-0.9396073818206787
14.824323654174805,0.4046628177165985,-0.8799211978912354,-0.06385201960802078,-0.12673574686050415,3.304399013519287,182.36135864257812,2.354090452194214,30.491178512573242,0.5086663365364075,-0.5575298070907593,1.5437233448028564,0.0,0.0,12.286152839660645,-0.9503085613250732
14.824824333190918,0.4972968101501465,-0.8444539308547974,-0.06385201960802078,-0.11557214707136154,3.4079408645629883,193.28158569335938,2.435682535171509,33.279563903808594,0.5739647150039673,-0.5399267077445984,1.5393879413604736,0.0,0.0,12.286152839660645,-0.9722583293914795
14.825324058532715,0.5948055982589722,-0.797164797782898,-0.03968210145831108,-0.13138726353645325,3.504581928253174,193.28158569335938,2.5187342166900635,36.07062911987305,0.6467140913009644,-0.49827858805656433,1.5557072162628174,0.0,0.0,12.286152839660645,-0.9858477115631104
14.825823783874512,0.682563841342926,-0.7464974522590637,-0.03807077184319496,-0.11743274331092834,3.601222276687622,193.28158569335938,2.6027204990386963,38.84209442138672,0.7107881903648376,-0.5078557729721069,1.5085365772247314,0.0,0.0,12.286152839660645,-0.9985017776489258
14.826323509216309,0.7722723484039307,-0.6789408922195435,-0.02518014796078205,-0.11557214707136154,3.6978633403778076,193.28158569335938,2.6883652210235596,41.62558364868164,0.7720827460289001,-0.42428097128868103,1.5418665409088135,0.0,0.0,12.286152839660645,-1.009498119354248
14.826824188232422,0.8502798676490784,-0.6046290993690491,0.005435085389763117,-0.09975703060626984,3.7825565338134766,182.7264404296875,2.773826837539673,44.34218215942383,0.8187738060951233,-0.4031834602355957,1.5020573139190674,0.0,0.0,12.286152839660645,-1.0087296962738037
14.827323913574219,0.9243866801261902,-0.5303173065185547,-0.007455539423972368,-0.08301161974668503,3.8739194869995117,182.7264404296875,2.8615410327911377,47.09663009643555,0.9052857756614685,-0.33613547682762146,1.5173676013946533,0.0,0.0,12.286152839660645,-1.012378454208374
14.827823638916016,0.988743007183075,-0.4391160309314728,-0.004232883453369141,-0.09417523443698883,4.00157356262207,214.75732421875,2.95005202293396,49.826881408691406,0.9463802576065063,-0.2579531669616699,1.519195795059204,0.0,0.0,12.286152839660645,-1.0515215396881104
14.828323364257812,1.0521239042282104,-0.3360927104949951,-0.005844211671501398,-0.08580252528190613,4.108736991882324,214.75732421875,3.0390403270721436,52.51946258544922,0.9919232130050659,-0.20041434466838837,1.4977571964263916,0.0,0.0,12.286152839660645,-1.0696966648101807
14.82882308959961,1.0940524339675903,-0.22293588519096375,0.01349172554910183,-0.07649951428174973,4.216115474700928,214.75732421875,3.1297285556793213,55.22695541381836,0.9955773949623108,-0.1335832178592682,1.473853349685669,0.0,0.0,12.286152839660645,-1.0863869190216064
14.829322814941406,1.1262308359146118,-0.10640130937099457,0.05860891193151474,-0.033705685287714005,4.3234944343566895,214.75732421875,-3.0625813007354736,57.8853759765625,1.0181366205215454,-0.06610096991062164,1.4523217678070068,0.0,0.0,12.286152839660645,-1.1028902530670166
14.829822540283203,1.144757628440857,0.013511432334780693,0.05055227130651474,-0.032775383442640305,4.443283557891846,225.72088623046875,-2.971261501312256,60.506752014160156,1.0044140815734863,-0.013262191787362099,1.413341760635376,0.0,0.0,12.286152839660645,-1.131359338760376
14.830323219299316,1.1564586162567139,0.14862383902072906,0.04410696029663086,-0.02347237803041935,4.556143760681152,225.72088623046875,-2.8790218830108643,63.11202621459961,1.0209400653839111,0.13346846401691437,1.4653851985931396,0.0,0.0,12.286152839660645,-1.151979684829712
14.830822944641113,1.1428073644638062,0.27360302209854126,0.08277883380651474,-0.017890572547912598,4.632251262664795,193.28158569335938,-2.7860782146453857,65.69178771972656,0.9895365834236145,0.18534716963768005,1.428314447402954,0.0,0.0,12.286152839660645,-1.135143518447876
14.83132266998291,1.1262308359146118,0.39689329266548157,0.06827688217163086,0.01094875019043684,4.728891849517822,193.28158569335938,-2.690045118331909,68.34735870361328,0.9755002856254578,0.3391197919845581,1.4828007221221924,0.0,0.0,12.286152839660645,-1.1357510089874268
14.831823348999023,1.0804013013839722,0.5100501179695129,0.08277883380651474,0.004436643328517675,4.874196529388428,236.23304748535156,-2.5941689014434814,70.94031524658203,0.886895477771759,0.3482069969177246,1.427109956741333,0.0,0.0,12.286152839660645,-1.1851799488067627
14.83232307434082,1.024821400642395,0.6333404183387756,0.08600149303674698,0.032345667481422424,4.992313385009766,236.23304748535156,-2.4962410926818848,73.56497192382812,0.869645357131958,0.4611928164958954,1.4436142444610596,0.0,0.0,12.286152839660645,-1.205369234085083
14.8328218460083,0.9594901204109192,0.7600083947181702,0.04249563068151474,0.031415361911058426,5.110193729400635,236.23304748535156,-2.3960494995117188,76.2298355102539,0.8004754185676575,0.5907920598983765,1.4927160739898682,0.0,0.0,12.286152839660645,-1.2230579853057861
14.833321571350098,0.8580804467201233,0.8680988550186157,0.09083547443151474,0.06304558366537094,5.2283101081848145,236.23304748535156,-2.2944416999816895,78.89822387695312,0.6785577535629272,0.6224411725997925,1.4985029697418213,0.0,0.0,12.286152839660645,-1.2395660877227783
14.833822250366211,0.7547208666801453,0.9728110432624817,0.09889211505651474,0.06955769658088684,5.370737075805664,257.7087707519531,-2.190197706222534,81.62132263183594,0.6061516404151917,0.7190054059028625,1.5233347415924072,0.0,0.0,12.286152839660645,-1.2777493000030518
14.834321975708008,0.6152827143669128,1.065700888633728,0.09889211505651474,0.09374551475048065,5.499591827392578,257.7087707519531,-2.082577705383301,84.42913818359375,0.4579932689666748,0.7685911059379578,1.5799381732940674,0.0,0.0,12.286152839660645,-1.2989838123321533
14.834821701049805,0.46901896595954895,1.146768569946289,0.09083547443151474,0.11142122745513916,5.592491626739502,225.9470672607422,-1.9704442024230957,87.36793518066406,0.27817460894584656,0.8489075899124146,1.6899750232696533,0.0,0.0,12.286152839660645,-1.279750108718872
14.835322380065918,0.32860586047172546,1.197435736656189,0.09728078544139862,0.11514242738485336,5.705465316772461,225.9470672607422,-1.8553847074508667,90.36770629882812,0.17879951000213623,0.8385403752326965,1.6824619770050049,0.0,0.0,12.286152839660645,-1.2776644229888916
14.835822105407715,0.17454124987125397,1.2447253465652466,0.0876128152012825,0.11328182369470596,5.854456901550293,257.7087707519531,-1.736071228981018,93.48321533203125,0.014479825273156166,0.9318203926086426,1.7590501308441162,0.0,0.0,12.286152839660645,-1.307342767715454
14.836321830749512,0.0009750731405802071,1.2582364082336426,0.09405813366174698,0.13746963441371918,5.983311176300049,257.7087707519531,-1.6135200262069702,96.66925048828125,-0.12639662623405457,0.9077177047729492,1.7915918827056885,0.0,0.0,12.286152839660645,-1.313645601272583
14.836820602416992,-0.1901429295539856,1.2514809370040894,0.10856008529663086,0.15328474342823029,6.136556625366211,279.4639587402344,-1.4860881567001343,99.99372100830078,-0.3581988215446472,0.8405737280845642,1.930323839187622,0.0,0.0,12.286152839660645,-1.3394596576690674
14.837321281433105,-0.3637092411518097,1.2210805416107178,0.08439016342163086,0.14863324165344238,6.2762885093688965,279.4639587402344,-1.3559064865112305,103.36317443847656,-0.41360780596733093,0.8610562086105347,1.8458836078643799,0.0,0.0,12.286152839660645,-1.3490097522735596
14.837821006774902,-0.5411759614944458,1.1737911701202393,0.07794485241174698,0.15049384534358978,0.08327627182006836,235.7615203857422,-1.2235596179962158,106.75301361083984,-0.5815203189849854,0.8618760108947754,1.8604767322540283,0.0,0.0,12.286152839660645,-1.3068358898162842
14.8383207321167,-0.7010909914970398,1.099479079246521,0.04894094541668892,0.13746963441371918,0.2011570930480957,235.7615203857422,-1.0884618759155273,110.1875,-0.7433872818946838,0.7605882883071899,1.9071271419525146,0.0,0.0,12.286152839660645,-1.289618968963623
14.838821411132812,-0.8639311790466309,1.0065892934799194,0.05860891193151474,0.15049384534358978,0.38067626953125,290.21258544921875,-0.9515464305877686,113.62629699707031,-0.9358543157577515,0.6536348462104797,1.9587323665618896,0.0,0.0,12.286152839660645,-1.3322227001190186
14.83932113647461,-1.0121450424194336,0.8782323002815247,0.05055227130651474,0.15514536201953888,0.525782585144043,290.21258544921875,-0.8126354217529297,117.07637786865234,-1.0196020603179932,0.6013805270195007,1.897491216659546,0.0,0.0,12.286152839660645,-1.3384180068969727
14.839820861816406,-1.150607943534851,0.7262303233146667,0.0312163345515728,0.13095754384994507,0.670560359954834,289.9223937988281,-0.6732842922210693,120.47248077392578,-1.1252707242965698,0.4529949128627777,1.90950608253479,0.0,0.0,12.286152839660645,-1.3438446521759033
14.840320587158203,-1.2568928003311157,0.5556505918502808,0.0038237571716308594,0.10770002007484436,0.8155217170715332,289.9223937988281,-0.5333144664764404,123.82337951660156,-1.2142852544784546,0.3574579358100891,1.8668997287750244,0.0,0.0,12.286152839660645,-1.3488361835479736
14.8408203125,-1.3514766693115234,0.3715599477291107,0.02154836617410183,0.10304851084947586,0.9601931571960449,289.9223937988281,-0.3927619457244873,127.12816619873047,-1.2845547199249268,0.2412809431552887,1.827906847000122,0.0,0.0,12.286152839660645,-1.3529551029205322
14.841320037841797,-1.405106544494629,0.1705796718597412,-0.02356882020831108,0.08072129637002945,1.1051535606384277,289.9223937988281,-0.2511627674102783,130.40745544433594,-1.3124828338623047,0.10683063417673111,1.7917015552520752,0.0,0.0,12.286152839660645,-1.356316328048706
14.841819763183594,-1.4294840097427368,-0.040533874183893204,-0.02679147757589817,0.06769709289073944,1.2258048057556152,268.4466247558594,-0.10941720008850098,133.6241455078125,-1.2971266508102417,-0.06331449002027512,1.7809717655181885,0.0,0.0,12.286152839660645,-1.3352220058441162
14.84231948852539,-1.425583839416504,-0.23644688725471497,-0.05579538270831108,0.028624460101127625,1.36002779006958,268.4466247558594,0.03301644325256348,136.8021697998047,-1.3055227994918823,-0.20853252708911896,1.749084711074829,0.0,0.0,12.286152839660645,-1.3270113468170166
14.842820167541504,-1.397305965423584,-0.4408048987388611,-0.0574067123234272,0.02025175467133522,1.5428714752197266,311.3981018066406,0.1753709316253662,139.90997314453125,-1.2728861570358276,-0.39256495237350464,1.7485206127166748,0.0,0.0,12.286152839660645,-1.3675005435943604
14.8433198928833,-1.3202738761901855,-0.6552962064743042,-0.08318796008825302,-0.01323906984180212,1.698570728302002,311.3981018066406,0.31992053985595703,143.04490661621094,-1.2011467218399048,-0.5658062696456909,1.746079683303833,0.0,0.0,12.286152839660645,-1.378650188446045
14.843819618225098,-1.2091134786605835,-0.8478317260742188,-0.09124460071325302,-0.016029970720410347,1.8546223640441895,311.7098083496094,0.4643368721008301,146.108154296875,-1.101593017578125,-0.6208734512329102,1.6753995418548584,0.0,0.0,12.286152839660645,-1.3902854919433594
14.844320297241211,-1.0550490617752075,-1.0403673648834229,-0.10252390056848526,-0.04672989621758461,2.0104784965515137,311.7098083496094,0.611562967300415,149.2253875732422,-0.8901703357696533,-0.8065631985664368,1.7524616718292236,0.0,0.0,12.286152839660645,-1.3989155292510986
14.844819068908691,-0.876607358455658,-1.2008132934570312,-0.11058054119348526,-0.08859342336654663,2.189979076385498,332.87384033203125,0.7609658241271973,152.368408203125,-0.7330366373062134,-0.9150046110153198,1.7633564472198486,0.0,0.0,12.286152839660645,-1.4290132522583008
14.845318794250488,-0.66403728723526,-1.3393042087554932,-0.10735788196325302,-0.09603583812713623,2.356415271759033,332.87384033203125,0.9143350124359131,155.61227416992188,-0.5307279229164124,-1.0139957666397095,1.8044750690460205,0.0,0.0,12.286152839660645,-1.4420802593231201
14.845818519592285,-0.42221471667289734,-1.4406384229660034,-0.11863718181848526,-0.11557214707136154,2.474560260772705,290.21258544921875,1.0708668231964111,158.92098999023438,-0.277092844247818,-1.0778425931930542,1.8799231052398682,0.0,0.0,12.286152839660645,-1.403693437576294
14.846319198608398,-0.19209295511245728,-1.4946835041046143,-0.10735788196325302,-0.13324786722660065,2.619666576385498,290.21258544921875,1.231471300125122,162.3311309814453,-0.06511291861534119,-1.116944432258606,1.9139997959136963,0.0,0.0,12.286152839660645,-1.388195276260376
14.846818923950195,0.055580023676157,-1.5149507522583008,-0.1218598335981369,-0.17139019072055817,2.813485622406006,333.20703125,1.395045518875122,165.7946319580078,0.18185989558696747,-1.1292228698730469,1.9697201251983643,0.0,0.0,12.286152839660645,-1.4184401035308838
14.847318649291992,0.316904753446579,-1.4980615377426147,-0.1057465523481369,-0.14534176886081696,2.980088710784912,333.20703125,1.562603235244751,169.35244750976562,0.3970107436180115,-1.1298213005065918,1.981635332107544,0.0,0.0,12.286152839660645,-1.4174854755401611
14.847819328308105,0.5899305939674377,-1.4305050373077393,-0.1057465523481369,-0.16580836474895477,3.158102512359619,343.2684326171875,1.733766794204712,172.9873046875,0.6980987191200256,-1.0120220184326172,2.0780222415924072,0.0,0.0,12.286152839660645,-1.4243357181549072
14.848319053649902,0.8346787095069885,-1.3139703273773193,-0.0815766304731369,-0.16487808525562286,3.3297362327575684,343.2684326171875,1.9082472324371338,176.6849365234375,0.8863765001296997,-0.9833763837814331,2.0343048572540283,0.0,0.0,12.286152839660645,-1.4214890003204346
14.8488187789917,1.0687001943588257,-1.1585907936096191,-0.05579538270831108,-0.14255087077617645,3.513925075531006,354.3495788574219,2.0845024585723877,180.3795928955078,1.0977628231048584,-0.8614262342453003,2.03114914894104,0.0,0.0,12.286152839660645,-1.4294226169586182
14.84931755065918,1.2812702655792236,-0.9525441527366638,-0.0574067123234272,-0.15650537610054016,3.6907458305358887,354.3495788574219,2.262038469314575,184.05014038085938,1.2587612867355347,-0.7129782438278198,2.004718065261841,0.0,0.0,12.286152839660645,-1.4287073612213135
14.849818229675293,1.4509363174438477,-0.7194747924804688,-0.02840280532836914,-0.12859635055065155,3.8192992210388184,311.3981018066406,2.43935227394104,187.63426208496094,1.4256032705307007,-0.5293366312980652,1.9883577823638916,0.0,0.0,12.286152839660645,-1.3799469470977783
14.85031795501709,1.5630717277526855,-0.47796106338500977,-0.01228952407836914,-0.11371154338121414,3.9749979972839355,311.3981018066406,2.6167852878570557,191.14808654785156,1.5099573135375977,-0.34685423970222473,1.9416344165802002,0.0,0.0,12.286152839660645,-1.3582127094268799
14.850817680358887,1.647904872894287,-0.2094244360923767,0.008657741360366344,-0.09975703060626984,4.204055309295654,376.2015380859375,2.79516863822937,194.628173828125,1.6011903285980225,-0.07937151938676834,1.9406702518463135,0.0,0.0,12.286152839660645,-1.4088866710662842
14.851318359375,1.6664313077926636,0.08951213210821152,0.01671438105404377,-0.07836011797189713,4.392155170440674,376.2015380859375,2.9730398654937744,198.01336669921875,1.5843347311019897,0.07419713586568832,1.8599169254302979,0.0,0.0,12.286152839660645,-1.4191153049468994
14.851818084716797,1.621577262878418,0.39689329266548157,0.0634428933262825,-0.05324200168251991,4.567664623260498,365.0874328613281,-3.1319174766540527,201.34249877929688,1.5216623544692993,0.2713308036327362,1.812258005142212,0.0,0.0,12.286152839660645,-1.4163963794708252
14.852317810058594,1.5367441177368164,0.6924523115158081,0.05699758604168892,-0.016029972583055496,4.750208377838135,365.0874328613281,-2.9526562690734863,204.64524841308594,1.4527627229690552,0.5400084257125854,1.8135292530059814,0.0,0.0,12.286152839660645,-1.4196789264678955
14.85281753540039,1.3934059143066406,0.967743992805481,0.06988821178674698,0.006297246553003788,4.896254062652588,332.87384033203125,-2.773118257522583,207.89015197753906,1.284017562866211,0.7365297079086304,1.799922227859497,0.0,0.0,12.286152839660645,-1.3861868381500244
14.853318214416504,1.2003377676010132,1.2008132934570312,0.11661672592163086,0.033275965601205826,5.0626912117004395,332.87384033203125,-2.5916056632995605,211.14990234375,1.0872315168380737,0.9218262434005737,1.8019659519195557,0.0,0.0,12.286152839660645,-1.3711111545562744
14.853816986083984,0.983867347240448,1.4001045227050781,0.10856008529663086,0.056533485651016235,5.289571285247803,386.56317138671875,-2.4079794883728027,214.43002319335938,0.9157066345214844,1.1536798477172852,1.8161303997039795,0.0,0.0,12.286152839660645,-1.4143650531768799
14.854316711425781,0.6854894757270813,1.565617561340332,0.1117827370762825,0.08630309998989105,5.482853412628174,386.56317138671875,-2.2221474647521973,217.7340087890625,0.5899218320846558,1.2228660583496094,1.8529808521270752,0.0,0.0,12.286152839660645,-1.4218151569366455
14.854817390441895,0.36565962433815,1.6838409900665283,0.10694875568151474,0.10211822390556335,5.689190864562988,398.09722900390625,-2.032386064529419,221.13381958007812,0.29846614599227905,1.3782256841659546,1.9007627964019775,0.0,0.0,12.286152839660645,-1.4383909702301025
14.855317115783691,0.004875365644693375,1.727752923965454,0.10211477428674698,0.12537573277950287,5.888237953186035,398.09722900390625,-1.8389610052108765,224.61619567871094,-0.06623148173093796,1.335162878036499,1.9716241359710693,0.0,0.0,12.286152839660645,-1.4440138339996338
14.855816841125488,-0.35590851306915283,1.7041081190109253,0.10694875568151474,0.15421505272388458,6.098559379577637,408.0389099121094,-1.6410503387451172,228.21385192871094,-0.3817512094974518,1.3380879163742065,2.003392457962036,0.0,0.0,12.286152839660645,-1.4564239978790283
14.856316566467285,-0.7283933758735657,1.6027737855911255,0.12306203693151474,0.1932876855134964,0.019393444061279297,408.0389099121094,-1.4395662546157837,231.88607788085938,-0.7291679382324219,1.2114967107772827,2.06728196144104,0.0,0.0,12.286152839660645,-1.458959698677063
14.856817245483398,-1.0569990873336792,1.4288160800933838,0.08277883380651474,0.16816957294940948,0.16212797164916992,353.9955749511719,-1.234495997428894,235.6317138671875,-1.032806158065796,1.0450952053070068,2.1012890338897705,0.0,0.0,12.286152839660645,-1.396623969078064
14.857316970825195,-1.3222240209579468,1.2193918228149414,0.06022024154663086,0.1737513691186905,0.3391280174255371,353.9955749511719,-1.0270886421203613,239.3968505859375,-1.3173431158065796,0.9110094308853149,2.081331491470337,0.0,0.0,12.286152839660645,-1.3662166595458984
14.857815742492676,-1.5494202375411987,0.9542328119277954,0.04894094541668892,0.15235446393489838,0.5891032218933105,418.7767639160156,-0.8187968730926514,243.11985778808594,-1.5259454250335693,0.7051600813865662,2.0462839603424072,0.0,0.0,12.286152839660645,-1.407900094985962
14.858316421508789,-1.7356629371643066,0.6181401014328003,0.0392729751765728,0.182124063372612,0.7984919548034668,418.7767639160156,-0.6101171970367432,246.7811737060547,-1.679102897644043,0.4422026574611664,2.014061212539673,0.0,0.0,12.286152839660645,-1.40860915184021
14.858816146850586,-1.8390226364135742,0.2499583214521408,-0.03162546083331108,0.11514242738485336,1.0083518028259277,419.19598388671875,-0.4027538299560547,250.30972290039062,-1.7675126791000366,0.20531463623046875,1.949469804763794,0.0,0.0,12.286152839660645,-1.4111056327819824
14.859315872192383,-1.8643747568130493,-0.13849037885665894,-0.01873483695089817,0.07606979459524155,1.2179503440856934,419.19598388671875,-0.19454455375671387,253.8000030517578,-1.7741330862045288,-0.1188577190041542,1.9248569011688232,0.0,0.0,12.286152839660645,-1.4124948978424072
14.85981559753418,-1.7990436553955078,-0.5286281704902649,-0.04612741246819496,0.054672881960868835,1.4392390251159668,429.5146484375,0.013235330581665039,257.1988525390625,-1.7237721681594849,-0.3970775902271271,1.8775198459625244,0.0,0.0,12.286152839660645,-1.4260036945343018
14.860316276550293,-1.6488795280456543,-0.9103213548660278,-0.07835397869348526,0.004436643328517675,1.653998851776123,429.5146484375,0.22171783447265625,260.55596923828125,-1.5660520792007446,-0.7142287492752075,1.8716156482696533,0.0,0.0,12.286152839660645,-1.4322810173034668
14.86081600189209,-1.4187580347061157,-1.2413474321365356,-0.08479928970336914,-0.036496587097644806,1.8079257011413574,375.8253173828125,0.4311668872833252,263.8831481933594,-1.3332682847976685,-0.9402174949645996,1.849498987197876,0.0,0.0,12.286152839660645,-1.3767588138580322
14.861315727233887,-1.1428073644638062,-1.503127932548523,-0.1138031929731369,-0.06626620888710022,1.995837688446045,375.8253173828125,0.6424517631530762,267.2176818847656,-1.0386773347854614,-1.15634286403656,1.8641316890716553,0.0,0.0,12.286152839660645,-1.3533859252929688
14.861814498901367,-0.8083507418632507,-1.7041081190109253,-0.11058054119348526,-0.07929041981697083,2.25630521774292,440.2524719238281,0.8565125465393066,270.5987854003906,-0.7124661207199097,-1.2929753065109253,1.879472017288208,0.0,0.0,12.286152839660645,-1.3997926712036133
14.86231517791748,-0.4183140695095062,-1.859487533569336,-0.1460297554731369,-0.12580545246601105,2.4764323234558105,440.2524719238281,1.0734989643096924,274.0318603515625,-0.36206555366516113,-1.4948968887329102,1.929847002029419,0.0,0.0,12.286152839660645,-1.4029333591461182
14.862814903259277,0.014626218937337399,-1.9169102907180786,-0.12830515205860138,-0.13417816162109375,2.696559429168701,440.2524719238281,1.2946937084197998,277.56976318359375,0.08939915150403976,-1.4979480504989624,2.007390260696411,0.0,0.0,12.286152839660645,-1.4018657207489014
14.863314628601074,0.45341718196868896,-1.8696210384368896,-0.12024850398302078,-0.17045989632606506,2.916686534881592,440.2524719238281,1.5193583965301514,281.1789855957031,0.4743683636188507,-1.4624685049057007,2.0380985736846924,0.0,0.0,12.286152839660645,-1.3973281383514404
14.863815307617188,0.8824576735496521,-1.731130838394165,-0.10735788196325302,-0.18162348866462708,3.1611247062683105,461.72821044921875,1.747896432876587,284.87518310546875,0.8819800019264221,-1.3368996381759644,2.0804922580718994,0.0,0.0,12.286152839660645,-1.4132282733917236
14.864315032958984,1.270544409751892,-1.498061180114746,-0.09607858210802078,-0.19185680150985718,3.3919882774353027,461.72821044921875,1.9786756038665771,288.5877685546875,1.2399728298187256,-1.1973350048065186,2.070619821548462,0.0,0.0,12.286152839660645,-1.4133126735687256
14.864814758300781,1.5962246656417847,-1.177168846130371,-0.06062936782836914,-0.17325077950954437,3.5503687858581543,397.69873046875,2.2115795612335205,292.3114013671875,1.540909767150879,-0.9368561506271362,2.060547113418579,0.0,0.0,12.286152839660645,-1.3387892246246338
14.865315437316895,1.8224458694458008,-0.8326315879821777,-0.04773874208331108,-0.14348116517066956,3.7492194175720215,397.69873046875,2.4451868534088135,295.9864501953125,1.7827543020248413,-0.6601589918136597,2.019618272781372,0.0,0.0,12.286152839660645,-1.304032564163208
14.865814208984375,1.9804105758666992,-0.43067145347595215,-0.03807077184319496,-0.16022658348083496,4.020152568817139,461.72821044921875,2.678417921066284,299.5685729980469,1.9429250955581665,-0.3011721074581146,1.9883091449737549,0.0,0.0,12.286152839660645,-1.3417346477508545
14.866313934326172,2.0379412174224854,0.020266937091946602,0.002212428953498602,-0.14255085587501526,4.251016139984131,461.72821044921875,2.911560297012329,303.0715637207031,2.012310743331909,0.024623295292258263,1.9220764636993408,0.0,0.0,12.286152839660645,-1.3394558429718018
14.866813659667969,1.9921116828918457,0.4914722740650177,0.0312163345515728,-0.08487221598625183,4.49403715133667,472.4660949707031,-3.1382734775543213,306.5096740722656,1.9708640575408936,0.4464362859725952,1.900301218032837,0.0,0.0,12.286152839660645,-1.3491251468658447
14.867314338684082,1.8146451711654663,0.9407218098640442,0.05699758604168892,-0.040217794477939606,4.730269908905029,472.4660949707031,-2.9051856994628906,309.8645324707031,1.7865523099899292,0.7187193036079407,1.8277504444122314,0.0,0.0,12.286152839660645,-1.3522703647613525
14.867814064025879,1.5435700416564941,1.342681884765625,0.0714995339512825,0.025833558291196823,4.905725002288818,418.7767639160156,-2.6716692447662354,313.1671142578125,1.5199936628341675,1.0807934999465942,1.8309686183929443,0.0,0.0,12.286152839660645,-1.2942087650299072
14.868313789367676,1.2071635723114014,1.6551296710968018,0.10211477428674698,0.050951678305864334,5.115111827850342,418.7767639160156,-2.4370615482330322,316.4460754394531,1.16797935962677,1.319956660270691,1.8257339000701904,0.0,0.0,12.286152839660645,-1.2689878940582275
14.868813514709473,0.8103010654449463,1.8898881673812866,0.1198393777012825,0.08351220190525055,5.397983074188232,483.6876525878906,-2.200056314468384,319.7569885253906,0.7890313267707825,1.5422379970550537,1.8413879871368408,0.0,0.0,12.286152839660645,-1.3148539066314697
14.869314193725586,0.328605979681015,2.0385119915008545,0.13756398856639862,0.11235152930021286,5.639827251434326,483.6876525878906,-1.9604544639587402,323.1075134277344,0.3345079720020294,1.6838946342468262,1.8798596858978271,0.0,0.0,12.286152839660645,-1.3170959949493408
14.869813919067383,-0.18819265067577362,2.0756678581237793,0.11661672592163086,0.13002724945545197,5.881667613983154,483.6876525878906,-1.7165086269378662,326.57025146484375,-0.21488678455352783,1.714534044265747,1.958174467086792,0.0,0.0,12.286152839660645,-1.3149902820587158
14.87031364440918,-0.712791919708252,1.9675779342651367,0.12950734794139862,0.191427081823349,6.123511791229248,483.6876525878906,-1.4686946868896484,330.12286376953125,-0.6939984560012817,1.561604380607605,2.005255937576294,0.0,0.0,12.286152839660645,-1.309021234512329
14.870813369750977,-1.1983875036239624,1.744641900062561,0.11822805553674698,0.2128239870071411,0.10489845275878906,504.175537109375,-1.2165569067001343,333.78228759765625,-1.1635046005249023,1.3923431634902954,2.03235125541687,0.0,0.0,12.286152839660645,-1.3214553594589233
14.871313095092773,-1.617676854133606,1.4034825563430786,0.10694875568151474,0.2230573147535324,0.35698890686035156,504.175537109375,-0.9618678092956543,337.47198486328125,-1.5918935537338257,1.1005768775939941,2.0487473011016846,0.0,0.0,12.286152839660645,-1.3188567161560059
14.87181282043457,-1.9306813478469849,0.9897000193595886,0.0956694558262825,0.1979391872882843,0.5250492095947266,429.944580078125,-0.7052464485168457,341.1653747558594,-1.9281556606292725,0.6928384304046631,2.0533201694488525,0.0,0.0,12.286152839660645,-1.2302956581115723
14.872312545776367,-2.105222463607788,0.5590288043022156,0.04571828618645668,0.15793626010417938,0.740020751953125,429.944580078125,-0.4487931728363037,344.77392578125,-2.121882915496826,0.3511008024215698,1.9787347316741943,0.0,0.0,12.286152839660645,-1.1888139247894287
14.87281322479248,-2.1773791313171387,0.07600090652704239,0.0231596939265728,0.1802634745836258,1.0518302917480469,515.4175415039062,-0.1937241554260254,348.24859619140625,-2.1647956371307373,-0.04822740703821182,1.910792589187622,0.0,0.0,12.286152839660645,-1.2455544471740723
14.873312950134277,-2.144226312637329,-0.4509381949901581,0.0006011009099893272,0.15979686379432678,1.309539794921875,515.4175415039062,0.06135368347167969,351.6505432128906,-2.1852169036865234,-0.5055629014968872,1.8617222309112549,0.0,0.0,12.286152839660645,-1.2481861114501953
14.873812675476074,-1.9560333490371704,-0.9660553336143494,-0.03484811633825302,0.11700303107500076,1.5672492980957031,515.4175415039062,0.3157069683074951,354.9505920410156,-2.011741876602173,-0.9291517734527588,1.8135864734649658,0.0,0.0,12.286152839660645,-1.251542329788208
14.874313354492188,-1.6352282762527466,-1.4271270036697388,-0.08641061931848526,0.05746378377079964,1.8249588012695312,515.4175415039062,0.5700714588165283,358.1817626953125,-1.687309741973877,-1.2819162607192993,1.7771737575531006,0.0,0.0,12.286152839660645,-1.254887342453003
14.874813079833984,-1.1964372396469116,-1.8020648956298828,-0.09930124133825302,0.00908814650028944,2.0537986755371094,489.94061279296875,0.8253946304321289,361.38543701171875,-1.2099499702453613,-1.5570331811904907,1.7834208011627197,0.0,0.0,12.286152839660645,-1.2284040451049805
14.875311851501465,-0.7049910426139832,-2.05202317237854,-0.12669381499290466,-0.055102601647377014,2.298280715942383,489.94061279296875,1.0829613208770752,364.6161804199219,-0.7216719388961792,-1.7674106359481812,1.7999508380889893,0.0,0.0,12.286152839660645,-1.2153193950653076
14.875811576843262,-0.15698958933353424,-2.177002191543579,-0.14441843330860138,-0.11371154338121414,2.5412464141845703,488.08477783203125,1.3432276248931885,367.8925476074219,-0.15154458582401276,-1.7993842363357544,1.8445980548858643,0.0,0.0,12.286152839660645,-1.1980187892913818
14.876312255859375,0.40661320090293884,-2.1736247539520264,-0.15247507393360138,-0.15929627418518066,2.7852916717529297,488.08477783203125,1.607860803604126,371.2837219238281,0.449552983045578,-1.7482510805130005,1.917109727859497,0.0,0.0,12.286152839660645,-1.1774308681488037
14.876811981201172,0.9604651927947998,-2.0283782482147217,-0.16375435888767242,-0.2309294193983078,3.084074020385742,536.3568725585938,1.8767220973968506,374.7812805175781,1.0345898866653442,-1.575729250907898,1.9789650440216064,0.0,0.0,12.286152839660645,-1.2073519229888916
14.877311706542969,1.4840890169143677,-1.7361972332000732,-0.18792428076267242,-0.2690717577934265,3.3522510528564453,536.3568725585938,2.1501567363739014,378.3974609375,1.5640536546707153,-1.2402814626693726,2.0262882709503174,0.0,0.0,12.286152839660645,-1.202094316482544
14.877812385559082,1.902403712272644,-1.3224149942398071,-0.1782563179731369,-0.2839565575122833,3.590970993041992,510.35479736328125,2.4256680011749268,382.0247802734375,1.9886645078659058,-0.8792839646339417,2.0060455799102783,0.0,0.0,12.286152839660645,-1.1653029918670654
14.878312110900879,2.191030502319336,-0.8292538523674011,-0.12508249282836914,-0.2886080741882324,3.8461475372314453,510.35479736328125,2.7016284465789795,385.5946044921875,2.321500062942505,-0.46124306321144104,1.9512197971343994,0.0,0.0,12.286152839660645,-1.1445190906524658
14.87881088256836,2.3519208431243896,-0.26009199023246765,-0.0654633492231369,-0.3044232130050659,4.130058288574219,537.4307250976562,2.9774296283721924,389.082763671875,2.487722396850586,0.11554034054279327,1.9189836978912354,0.0,0.0,12.286152839660645,-1.1526286602020264
14.879310607910156,2.343144655227661,0.3360927104949951,-0.05096139758825302,-0.2495354562997818,4.398773193359375,537.4307250976562,-3.031221628189087,392.44427490234375,2.4912900924682617,0.6280311346054077,1.8457953929901123,0.0,0.0,12.286152839660645,-1.1468088626861572
14.87981128692627,2.1559274196624756,0.9170771241188049,-0.005844211671501398,-0.19557800889015198,4.6785125732421875,547.6311645507812,-2.7582807540893555,395.6680603027344,2.287722587585449,1.0233074426651,1.747178316116333,0.0,0.0,12.286152839660645,-1.1536076068878174
14.880311012268066,1.8078197240829468,1.4592164754867554,0.05699758604168892,-0.13324785232543945,4.952329635620117,547.6311645507812,-2.4864108562469482,398.779296875,1.9089155197143555,1.441066861152649,1.7021830081939697,0.0,0.0,12.286152839660645,-1.155555009841919
14.880810737609863,1.3222237825393677,1.8881990909576416,0.10211477428674698,-0.04579959064722061,5.156499862670898,483.2040100097656,-2.2145578861236572,401.8245544433594,1.3769201040267944,1.734304666519165,1.6843960285186768,0.0,0.0,12.286152839660645,-1.087871789932251
14.881311416625977,0.7966499924659729,2.1702466011047363,0.15528859198093414,0.027694156393408775,5.398101806640625,483.2040100097656,-1.9411700963974,404.87042236328125,0.7952269911766052,1.9876832962036133,1.7025535106658936,0.0,0.0,12.286152839660645,-1.056086778640747
14.881811141967773,0.2037941813468933,2.2986035346984863,0.16979055106639862,0.09374551475048065,5.721559524536133,558.9279174804688,-1.6656556129455566,407.94158935546875,0.19515326619148254,1.9719462394714355,1.7100207805633545,0.0,0.0,12.286152839660645,-1.104029893875122
14.88231086730957,-0.45926809310913086,2.2884700298309326,0.16656789183616638,0.17561198770999908,6.0010223388671875,558.9279174804688,-1.3860644102096558,411.1198425292969,-0.5243847370147705,1.8590643405914307,1.8054554462432861,0.0,0.0,12.286152839660645,-1.1039011478424072
14.88280963897705,-1.0969780683517456,2.112823963165283,0.19718313217163086,0.24352392554283142,6.238374710083008,520.4866333007812,-1.1012983322143555,414.4488220214844,-1.2216730117797852,1.610521674156189,1.8962042331695557,0.0,0.0,12.286152839660645,-1.0564873218536377
14.883310317993164,-1.6488796472549438,1.7817981243133545,0.21168507635593414,0.31701767444610596,0.21543169021606445,520.4866333007812,-0.8115630149841309,417.91650390625,-1.8232907056808472,1.1951020956039429,1.9494783878326416,0.0,0.0,12.286152839660645,-1.0269947052001953
14.883810043334961,-2.0935211181640625,1.3224149942398071,0.19396047294139862,0.3439963757991791,0.5572781562805176,592.5748291015625,-0.5187826156616211,421.4390869140625,-2.3362138271331787,0.6855589747428894,1.952653169631958,0.0,0.0,12.286152839660645,-1.0760607719421387
14.884309768676758,-2.396775007247925,0.7093414664268494,0.1601225882768631,0.36911454796791077,0.8535676002502441,592.5748291015625,-0.22618603706359863,424.8797912597656,-2.595205783843994,0.15944334864616394,1.8849923610687256,0.0,0.0,12.286152839660645,-1.0797536373138428
14.884809494018555,-2.5050101280212402,0.04222296178340912,0.11500539630651474,0.3598114848136902,1.0432343482971191,493.94183349609375,0.06507682800292969,428.1920166015625,-2.706082582473755,-0.3859975039958954,1.7975103855133057,0.0,0.0,12.286152839660645,-0.9781575202941895
14.885310173034668,-2.4328532218933105,-0.5725398063659668,0.05377492681145668,0.31515708565711975,1.29020357131958,493.94183349609375,0.3543422222137451,431.3507995605469,-2.6173593997955322,-0.9573619961738586,1.7179338932037354,0.0,0.0,12.286152839660645,-0.935861349105835
14.885809898376465,-2.195905923843384,-1.1450796127319336,-0.0010102271335199475,0.23143000900745392,1.6184277534484863,569.10693359375,0.641507625579834,434.35491943359375,-2.363365650177002,-1.455419898033142,1.6327273845672607,0.0,0.0,12.286152839660645,-0.9769201278686523
14.886309623718262,-1.7824674844741821,-1.6922858953475952,-0.07029733806848526,0.1951482892036438,1.9029812812805176,569.10693359375,0.9271233081817627,437.23095703125,-1.8893612623214722,-1.8737760782241821,1.5771172046661377,0.0,0.0,12.286152839660645,-0.9758579730987549
14.886810302734375,-1.1964370012283325,-2.1060681343078613,-0.1379731148481369,0.11328183114528656,2.1991429328918457,579.8447875976562,1.2120397090911865,440.0171813964844,-1.244629144668579,-2.040118932723999,1.5346930027008057,0.0,0.0,12.286152839660645,-0.9871032238006592
14.887309074401855,-0.5021722912788391,-2.3560266494750977,-0.18953561782836914,-0.01323906984180212,2.4884839057922363,579.8447875976562,1.4990465641021729,442.8328857421875,-0.4740208685398102,-2.107086181640625,1.5753061771392822,0.0,0.0,12.286152839660645,-0.9894373416900635
14.887808799743652,0.23694753646850586,-2.4168272018432617,-0.2104828804731369,-0.13882966339588165,2.779663562774658,581.0067749023438,1.7896182537078857,445.73944091796875,0.3354666531085968,-2.0053250789642334,1.6731436252593994,0.0,0.0,12.286152839660645,-0.9900453090667725
14.88830852508545,0.9702159762382507,-2.2715814113616943,-0.24754342436790466,-0.2495354413986206,3.0701661109924316,581.0067749023438,2.0865156650543213,448.8509826660156,1.1251490116119385,-1.7215240001678467,1.790905237197876,0.0,0.0,12.286152839660645,-0.9836504459381104
14.888809204101562,1.6342535018920898,-1.9354883432388306,-0.23626412451267242,-0.32675039768218994,3.2891430854797363,514.9026489257812,2.3902485370635986,452.18414306640625,1.86507248878479,-1.2364236116409302,1.8952114582061768,0.0,0.0,12.286152839660645,-0.8988945484161377
14.88930892944336,2.115948438644409,-1.4794836044311523,-0.23948678374290466,-0.38628965616226196,3.546596050262451,514.9026489257812,2.696915864944458,455.5701904296875,2.389796257019043,-0.7569534182548523,1.8682243824005127,0.0,0.0,12.286152839660645,-0.8496801853179932
14.889808654785156,2.4689314365386963,-0.9153882265090942,-0.21209420263767242,-0.4467591941356659,3.874250888824463,579.8447875976562,3.0036938190460205,458.8898620605469,2.80071759223938,-0.11749659478664398,1.8271973133087158,0.0,0.0,12.286152839660645,-0.8705570697784424
14.89030933380127,2.650298595428467,-0.2432028204202652,-0.17503365874290466,-0.4644349217414856,4.164173603057861,579.8447875976562,-2.9744770526885986,462.06536865234375,2.9998300075531006,0.49226224422454834,1.7273943424224854,0.0,0.0,12.286152839660645,-0.8554654121398926
14.890809059143066,2.580091714859009,0.47289422154426575,-0.0976899117231369,-0.39931386709213257,4.477311611175537,601.3204956054688,-2.672370195388794,465.0517883300781,2.8331258296966553,0.9920015335083008,1.5999019145965576,0.0,0.0,12.286152839660645,-0.8664963245391846
14.891308784484863,2.324618101119995,1.1585910320281982,-0.02034616470336914,-0.33419281244277954,4.777969837188721,601.3204956054688,-2.3730077743530273,467.8602600097656,2.5851924419403076,1.5636868476867676,1.5082738399505615,0.0,0.0,12.286152839660645,-0.8677923679351807
14.891807556152344,1.83999764919281,1.7615307569503784,0.06988821178674698,-0.2448839545249939,5.066433429718018,590.5825805664062,-2.0755984783172607,470.52783203125,1.970523715019226,1.9489995241165161,1.4474151134490967,0.0,0.0,12.286152839660645,-0.8588459491729736
14.892308235168457,1.2100886106491089,2.2074029445648193,0.14078664779663086,-0.11650244146585464,5.36172342300415,590.5825805664062,-1.7791879177093506,473.0974426269531,1.280991792678833,2.2019731998443604,1.415724515914917,0.0,0.0,12.286152839660645,-0.8577256202697754
14.892807960510254,0.4592679738998413,2.4607388973236084,0.18590383231639862,0.03978806734085083,5.588572978973389,527.2098999023438,-1.4812710285186768,475.6766052246094,0.4115935266017914,2.2215018272399902,1.462550401687622,0.0,0.0,12.286152839660645,-0.786658763885498
14.89330768585205,-0.29155248403549194,2.5012731552124023,0.2632475793361664,0.1849149763584137,5.852177143096924,527.2098999023438,-1.1787971258163452,478.393310546875,-0.4528850317001343,2.008458137512207,1.5663926601409912,0.0,0.0,12.286152839660645,-0.7477889060974121
14.893808364868164,-1.0072696208953857,2.3627820014953613,0.3051421046257019,0.29655104875564575,6.2069268226623535,611.4468994140625,-0.8698599338531494,481.32452392578125,-1.2696890830993652,1.7177839279174805,1.673614740371704,0.0,0.0,12.286152839660645,-0.7936015129089355
14.894308090209961,-1.7229866981506348,2.0047340393066406,0.3051421046257019,0.411908358335495,0.2294635772705078,611.4468994140625,-0.5542528629302979,484.4743347167969,-2.06406569480896,1.1818926334381104,1.7737195491790771,0.0,0.0,12.286152839660645,-0.7837164402008057
14.894807815551758,-2.2680628299713135,1.4659721851348877,0.2713042199611664,0.46865665912628174,0.5365123748779297,612.6710205078125,-0.23626375198364258,487.65777587890625,-2.6439154148101807,0.6002872586250305,1.753474473953247,0.0,0.0,12.286152839660645,-0.7727761268615723
14.895306587219238,-2.623971462249756,0.7752087712287903,0.2326323539018631,0.5040081143379211,0.8422336578369141,612.6710205078125,0.08087635040283203,490.73846435546875,-2.970628499984741,-0.03306559845805168,1.6714050769805908,0.0,0.0,12.286152839660645,-0.761357307434082
14.895807266235352,-2.744882583618164,0.018577849492430687,0.13434132933616638,0.45842334628105164,1.0660734176635742,536.3568725585938,0.39538049697875977,493.64349365234375,-3.0767321586608887,-0.6955713629722595,1.5686419010162354,0.0,0.0,12.286152839660645,-0.6706929206848145
14.896306991577148,-2.637622594833374,-0.6840077042579651,0.07311086356639862,0.4286537766456604,1.3342523574829102,536.3568725585938,0.7069535255432129,496.36431884765625,-2.9422383308410645,-1.329133152961731,1.459479570388794,0.0,0.0,12.286152839660645,-0.6272988319396973
14.896806716918945,-2.3304686546325684,-1.337614893913269,-0.004232883453369141,0.3598114848136902,1.6841888427734375,612.058349609375,1.0150277614593506,498.8809814453125,-2.5491998195648193,-1.8371721506118774,1.3519651889801025,0.0,0.0,12.286152839660645,-0.6691610813140869
14.897307395935059,-1.7785669565200806,-1.9287327527999878,-0.11058054119348526,0.24073301255702972,1.9902172088623047,612.058349609375,1.320432424545288,501.2326354980469,-1.8845635652542114,-2.1338791847229004,1.2698843479156494,0.0,0.0,12.286152839660645,-0.6697847843170166
14.897807121276855,-1.065774917602539,-2.349271059036255,-0.1863129585981369,0.10770001262426376,2.308516502380371,623.4196166992188,1.6250364780426025,503.5013122558594,-1.080823302268982,-2.274186372756958,1.2457096576690674,0.0,0.0,12.286152839660645,-0.6834800243377686
14.898306846618652,-0.24279797077178955,-2.562073230743408,-0.2523774206638336,-0.06998741626739502,2.6202259063720703,623.4196166992188,1.931612253189087,505.8055114746094,-0.16592003405094147,-2.2626280784606934,1.3106272220611572,0.0,0.0,12.286152839660645,-0.6886136531829834
14.89880657196045,0.6269838809967041,-2.5249176025390625,-0.3007172644138336,-0.2355809360742569,2.9326114654541016,624.0442504882812,2.2444584369659424,508.3251647949219,0.8125090003013611,-1.9360061883926392,1.4698421955108643,0.0,0.0,12.286152839660645,-0.6881530284881592
14.899307250976562,1.443135142326355,-2.2530031204223633,-0.3410004675388336,-0.38535934686660767,3.2446346282958984,624.0442504882812,2.565537214279175,511.1378173828125,1.7191978693008423,-1.4915882349014282,1.6090900897979736,0.0,0.0,12.286152839660645,-0.6790974140167236
14.899806022644043,2.114973306655884,-1.764909029006958,-0.3136078715324402,-0.4662955105304718,3.4727611541748047,547.0841064453125,2.891582727432251,514.0997314453125,2.4621388912200928,-0.9149019718170166,1.6430199146270752,0.0,0.0,12.286152839660645,-0.5811784267425537
14.90030574798584,2.5576651096343994,-1.1535240411758423,-0.2523774206638336,-0.4997863173484802,3.7463035583496094,547.0841064453125,-3.065171003341675,517.015380859375,2.9306373596191406,-0.23081009089946747,1.5945346355438232,0.0,0.0,12.286152839660645,-0.5282893180847168
