capture,rows,incomplete,mean_rpm,angle_rms_rad,angle_bias_rad,angle_std_rad,angle_max_rad,lock_fraction,active_fraction,mean_id_a,mean_iq_a
3v_ab_aborted.csv,248,1,382.979566438148,1.13254917036954,-0.520101310169627,1.00809725391003,1.83167636394501,0,0,0.0881529801236572,0.102872677184205
3v_bidir40_final_0.csv,512,0,361.216046977706,0.102907607724383,0.0895299842398662,0.0507877498168823,0.209364175796509,1,0,0.000110253938993357,0.0242363063440053
3v_bidir40_final_1.csv,512,0,362.877043563135,0.0982874809101032,0.0847259469303452,0.0498678238082426,0.204575300216675,0.798828125,0,-0.000342537847377534,0.0233480060676699
3v_bidir40_final_2.csv,512,0,357.255322730852,0.112292117151477,0.103664592992322,0.0432066877084474,0.201789140701294,1,0,-0.00200819921415618,0.0262345366266563
3v_bidir50_0.csv,512,0,454.513226868241,0.238061472092476,0.220742625616237,0.0892272803032848,0.399819612503052,0.041015625,0,-0.000832032820114685,0.0242246107215699
3v_bidir50_1.csv,512,0,454.146190390835,0.239567295662486,0.223906876594206,0.085278389280628,0.398649279271261,0.23046875,0,-0.000206817543616622,0.0251396780172931
3v_bidir50_2.csv,512,0,453.204112481275,0.234934051922068,0.220214379995084,0.081931351928125,0.376817766820089,0.498046875,0,-0.00055876254741584,0.0260489911383511
3v_fast_0.csv,512,0,461.858209103545,0.104734905722264,0.0752668304652024,0.072901885794688,0.293106381093161,0.0234375,0,0.00077529009771448,0.0300679165720497
3v_fast_1.csv,512,0,935.288971479758,0.359148659000508,0.337618460425637,0.122600536915395,0.576546017323629,0.060546875,0,-0.000456792641214901,0.0292825769044867
3v_fast_2.csv,512,0,1134.29994451239,0.429803162671979,0.420144961879957,0.0906919741189197,0.636927429829733,1,0,0.048719984163326,0.0175332991937394
3v_low_current_0.csv,512,0,653.188454634157,0.634825043458599,0.624661192915679,0.113253173014435,0.875286881123678,0,0,0.0632593171152837,0.0398600107016833
3v_low_current_1.csv,512,0,704.613248773012,0.758672686492731,0.755314679952793,0.0713717630237831,0.920647382736206,0,0,0.114065401790194,0.0452664937899212
3v_low_current_2.csv,512,0,704.3249516921,0.757652948155956,0.754864485356811,0.0650065551618953,0.895066499710083,0,0,0.111891170841802,0.044821145239469
3v_obs2000_0.csv,512,0,363.20668707222,0.196086258846479,0.187880780094919,0.0561853984802518,0.325324773788452,0.18359375,0,-0.00155361860331474,0.0236993420607641
3v_obs2000_1.csv,512,0,359.913975491515,0.188807937049211,0.181080969979071,0.053513667346536,0.296602010726929,0.158203125,0,0.0015963695382199,0.0240671351696094
3v_obs2000_2.csv,512,0,368.566317161727,0.178551426355097,0.16864568682419,0.0587024240398473,0.314727131520407,0.123046875,0,0.000358501472799092,0.0237344811212014
3v_read_timing_0.csv,512,0,362.161279093017,0.134254258817686,0.126887748061787,0.0439029610883299,0.228121042251587,1,0,-0.00126726646524511,0.0246085167854857
3v_read_timing_1.csv,512,0,358.495828843346,0.146960203031028,0.140007820489924,0.0447103545537825,0.246504608784811,0.880859375,0,-0.000951154248479259,0.0245245538935645
3v_read_timing_2.csv,512,0,355.401319107071,0.145929706958729,0.13734506014469,0.0493616527081521,0.238033056259155,1,0,0.00221825530156591,0.0252890800371837
3v_rms30_0.csv,512,0,270.168149451392,0.153558512310906,0.145514361511062,0.0490967951682312,0.257503747940063,1,0,0.000292476563283391,0.0225919964027669
3v_rms30_1.csv,512,0,270.779087877814,0.150788284828394,0.144543559132521,0.0429869222741292,0.241476774215698,1,0,1.54781672958067e-05,0.0247946654527156
3v_rms30_2.csv,512,0,266.624532782353,0.160191504277562,0.15511053010231,0.0400646553042008,0.24676775932312,1,0,-0.000116494919883928,0.023392646181851
3v_rms40_0.csv,512,0,364.335797271499,0.152649706676919,0.144736056997187,0.0485593682632372,0.252866983413696,0.529296875,0,-0.00103574205585354,0.0253208654564447
3v_rms40_1.csv,512,0,360.169770385456,0.160053862949072,0.155257780373681,0.0389258280914003,0.238359212875366,0.91796875,0,-0.000507572350148155,0.0243447257087148
3v_rms40_2.csv,512,0,356.892912121029,0.159168457049092,0.149318772807764,0.0551765166901679,0.265222787857056,1,0,0.000511244328926671,0.0252108698032351
3v_speed_0.csv,512,0,356.445148458803,0.104363753165666,0.0927689146534583,0.0478559764809664,0.190802812576294,0.03515625,0,0.00192138714146936,0.0256158271861856
3v_speed_1.csv,512,0,361.040015195515,0.103553607225993,0.0901915853816543,0.0509302826860512,0.18892485300173,0,0,0.000291155446722359,0.0260829062367863
3v_speed_2.csv,512,0,364.84369737493,0.0993987756257214,0.0858334642187118,0.0501761925802807,0.211527109146118,0,0,-0.000921807258290382,0.0237308714281406
