capture,rows,pll_mean_rad_s,encoder_mean_rad_s,encoder_error_rms_rad,internal_phase_rms_rad,lock_fraction,active_fraction,mean_emf_v
direct_01_0.csv,512,-0.00422574778838936,-0.0229280889034271,1.31677219308179,0.00855960882290106,0,0,2.04060804742386
direct_01_1.csv,512,155.354058980942,157.371884763241,0.26905217470307,0.277500682318114,0,0,0.922271696463763
direct_01_2.csv,512,279.894099354744,280.330560684204,0.10998406235335,0.192067563816522,0,0,1.3389987462893
direct_02_0.csv,512,-0.682782592995864,-4.19877469539642e-05,2.0316813964929,0.153645341890628,0,0,0.180454083452131
direct_02_1.csv,512,155.628939121962,157.730070322752,0.0576348715565412,0.0792902941824937,1,0,0.557500330474449
direct_02_2.csv,512,280.586062431335,280.869580924511,0.127590634033236,0.0392272925407532,1,1,0.952906621622797
direct_02_3.csv,512,284.281629860401,284.92318508029,0.139024401094591,0.0417341662900291,1,1,0.969184470189521
direct_02_4.csv,512,281.440450906754,281.587064921856,0.144267593305502,0.0372963187547193,1,1,0.955680854128558
direct_02_5.csv,512,282.844132959843,282.737538218498,0.129293542236054,0.0355348811538203,1,1,0.958739200074045
direct_02_6.csv,512,280.984618365765,281.711424410343,0.130682597593777,0.0330968828135609,1,1,0.95734390344276
direct_02_7.csv,512,282.401124477386,282.618716061115,0.148699666559483,0.0353563644606599,1,1,0.961613589332044
direct_03_0.csv,512,-0.0446734838424163,NaN,NaN,0.152817801842892,0,0,0.164185813907219
direct_03_1.csv,512,190.926379173994,NaN,NaN,0.0579108075398646,1,0,0.679961457607819
direct_03_2.csv,512,277.695760369301,NaN,NaN,0.0387637310905513,1,1,0.939842928958415
direct_03_3.csv,512,277.37025231123,NaN,NaN,0.0371059408353456,1,1,0.932795066125433
direct_03_4.csv,512,278.993211984634,NaN,NaN,0.0334990108141449,1,1,0.942465389330453
direct_03_5.csv,512,280.391247272491,NaN,NaN,0.0345257105924385,1,1,0.948118678888714
direct_03_6.csv,512,278.12200075388,NaN,NaN,0.0358175809966981,1,1,0.937917283407659
direct_04_0.csv,512,0.711191721329669,NaN,NaN,0.203423749521935,0,0,0.1514188870218
direct_04_1.csv,512,176.000122249126,NaN,NaN,0.063725389525889,1,0,0.620881296735028
direct_04_2.csv,512,279.689525902271,NaN,NaN,0.0312019655760365,1,1,0.934075834186047
direct_04_3.csv,512,278.943577766418,NaN,NaN,0.0319755506796858,1,1,0.926937056123718
direct_04_4.csv,512,277.447005093098,NaN,NaN,0.0325041211975663,1,1,0.922080799750747
direct_04_5.csv,512,280.38676071167,NaN,NaN,0.0335194550399336,1,1,0.938758892764101
direct_04_6.csv,512,275.952772140503,NaN,NaN,0.0398558474499881,1,1,0.915979335896848
